id,current_clue,short,country,proposed_clue
abu-simbel-temples,Where are the Abu Simbel Temples?,Abu Simbel,Egypt,"Abu Simbel, Egypt 🇪🇬"
aitutaki-lagoon,Where is the main pass into Aitutaki Lagoon?,Aitutaki Lagoon,Cook Islands,"Aitutaki Lagoon, Cook Islands 🇨🇰"
alamo-san-antonio,Where is the Alamo?,The Alamo,United States,"The Alamo, United States 🇺🇸"
alcatraz-island,Where is Alcatraz Island?,Alcatraz,United States,"Alcatraz, United States 🇺🇸"
alcazaba-of-malaga-d34-67,"Where is Malaga's hilltop Alcazaba, a palatial fortress built by Muslim rulers?",Alcazaba of Malaga,Spain,"Alcazaba of Malaga, Spain 🇪🇸"
alexander-nevsky-cathedral-d34-23,Where is Alexander Nevsky Cathedral located in Bulgaria?,Alexander Nevsky Cathedral,Bulgaria,"Alexander Nevsky Cathedral, Bulgaria 🇧🇬"
alhambra-granada,Where does the Moorish palace and fortress complex called the Alhambra stand?,Alhambra,Spain,"Alhambra, Spain 🇪🇸"
amalfi-coast-d34-58,Where is Amalfi Coast located in Italy?,Amalfi Coast,Italy,"Amalfi Coast, Italy 🇮🇹"
ambunti-sepik,Where is Ambunti on the Sepik River?,Ambunti,Papua New Guinea,"Ambunti, Papua New Guinea 🇵🇬"
amsterdam-canals-d34-7,Where is Amsterdam Canals located in Netherlands?,Amsterdam Canals,Netherlands,"Amsterdam Canals, Netherlands 🇳🇱"
amundsen-scott-south,Where is Amundsen–Scott South Pole?,Amundsen–Scott South Pole,Antarctica,"Amundsen–Scott South Pole, Antarctica 🇦🇶"
anapurna-base-camp-nepal,Where is Annapurna Base Camp?,Annapurna Base Camp,Nepal,"Annapurna Base Camp, Nepal 🇳🇵"
angel-falls,Where is Angel Falls?,Angel Falls,Venezuela,"Angel Falls, Venezuela 🇻🇪"
angkor-wat,Where is Angkor Wat?,Angkor Wat,Cambodia,"Angkor Wat, Cambodia 🇰🇭"
antelope-canyon-lower,Where is Lower Antelope Canyon?,Lower Antelope Canyon,United States,"Lower Antelope Canyon, United States 🇺🇸"
arc-de-triomphe-paris,Where is the Arc de Triomphe?,Arc de Triomphe,France,"Arc de Triomphe, France 🇫🇷"
arequipa-santa-catalina,Where is Santa Catalina Monastery?,Santa Catalina Monastery,Peru,"Santa Catalina Monastery, Peru 🇵🇪"
arusha-tanzania,"Where is Arusha, the safari gateway beneath Mount Meru?",Arusha,Tanzania,"Arusha, Tanzania 🇹🇿"
arviat-canada,Where is Arviat?,Arviat,Canada,"Arviat, Canada 🇨🇦"
atacama-alma-observatory,Where is the ALMA Observatory operations site?,ALMA Observatory,Chile,"ALMA Observatory, Chile 🇨🇱"
atafu-loto,Where is Atafu?,Atafu,New Zealand,"Atafu, New Zealand 🇳🇿"
austin-capitol-texas,Where is the Texas State Capitol?,Texas State Capitol,United States,"Texas State Capitol, United States 🇺🇸"
avatiu-harbour,Where is Avatiu Harbour on Rarotonga?,Avatiu Harbour,Cook Islands,"Avatiu Harbour, Cook Islands 🇨🇰"
axum-obelisks,Where are the Axum Obelisks?,Axum Obelisks,Ethiopia,"Axum Obelisks, Ethiopia 🇪🇹"
badaling-great-wall,"Where is Badaling, the most visited section of the Great Wall?",Badaling,China,"Badaling, China 🇨🇳"
badlands-national-park,Where is the Badlands Wall?,Badlands Wall,United States,"Badlands Wall, United States 🇺🇸"
baikonur-cosmodrome-kz,Where is the Baikonur Cosmodrome?,Baikonur Cosmodrome,Kazakhstan,"Baikonur Cosmodrome, Kazakhstan 🇰🇿"
balanced-rock-utah,Where is Balanced Rock?,Balanced Rock,United States,"Balanced Rock, United States 🇺🇸"
banaue-rice-terraces-ph,Where is the Banaue Rice Terraces?,Banaue Rice Terraces,Philippines,"Banaue Rice Terraces, Philippines 🇵🇭"
barentsburg,Where is Barentsburg?,Barentsburg,Norway,"Barentsburg, Norway 🇳🇴"
barrow-alaska,Where is Utqiagvik?,Utqiagvik,United States,"Utqiagvik, United States 🇺🇸"
beatles-abbey-road-cover,Where did the Beatles walk across a zebra crossing for the cover of their 1969 Abbey Road album?,Abbey Road Crossing,England,"Abbey Road Crossing, England"
ben-youssef-madrasa-marrakech,Where is the Ben Youssef Madrasa?,Ben Youssef Madrasa,Morocco,"Ben Youssef Madrasa, Morocco 🇲🇦"
benin-city-temple,Where is the Osun-Osogbo Sacred Grove?,Osun-Osogbo Sacred Grove (Shrine area),Nigeria,"Osun-Osogbo Sacred Grove (Shrine area), Nigeria 🇳🇬"
big-ben,Where would you find the clock tower nicknamed Big Ben?,Big Ben,England,"Big Ben, England"
big-ben-palace-westminster,Where is the Palace of Westminster?,Palace of Westminster,England,"Palace of Westminster, England"
blyde-river-canyon,Where are the Three Rondavels in Blyde River Canyon?,Three Rondavels,South Africa,"Three Rondavels, South Africa 🇿🇦"
bogota-bolivar-square,Where is Bolivar Square in Bogota?,Bogota,Colombia,"Bogota, Colombia 🇨🇴"
bologna-towers-d34-47,Where are Bologna's landmark medieval leaning towers?,Bologna Towers,Italy,"Bologna Towers, Italy 🇮🇹"
bondi-beach,Where is Bondi Beach?,Bondi Beach,Australia,"Bondi Beach, Australia 🇦🇺"
brno-cathedral-d34-19,Where is Brno Cathedral located in Czechia?,Brno Cathedral,Czech Republic,"Brno Cathedral, Czech Republic 🇨🇿"
bryggen-wharf-d34-36,Where is Bryggen Wharf located in Norway?,Bryggen Wharf,Norway,"Bryggen Wharf, Norway 🇳🇴"
buckingham-palace-london,Where is Buckingham Palace?,Buckingham Palace,England,"Buckingham Palace, England"
buenos-aires-obelisk,Where is the Obelisk of Buenos Aires?,Buenos Aires Obelisk,Argentina,"Buenos Aires Obelisk, Argentina 🇦🇷"
bumthang-valley-bhutan,Where is Bumthang Valley?,Bumthang Valley,Bhutan,"Bumthang Valley, Bhutan 🇧🇹"
bunker-hill-monument,Where is the Bunker Hill Monument?,Bunker Hill,United States,"Bunker Hill, United States 🇺🇸"
burgos-cathedral-d34-71,Where is Burgos Cathedral located in Spain?,Burgos Cathedral,Spain,"Burgos Cathedral, Spain 🇪🇸"
burj-khalifa-dubai,Where is the Burj Khalifa?,Burj Khalifa,United Arab Emirates,"Burj Khalifa, United Arab Emirates 🇦🇪"
byrd-station,Where was Byrd Station located?,Byrd Station,Antarctica,"Byrd Station, Antarctica 🇦🇶"
cabo-catoche,Where is Cabo Catoche?,Cabo Catoche,Mexico,"Cabo Catoche, Mexico 🇲🇽"
cabo-manglares,Where is Cabo Manglares?,Cabo Manglares,Colombia,"Cabo Manglares, Colombia 🇨🇴"
cabo-polonia-lighthouse,Where is the lighthouse at Cabo Polonio?,Cabo Polonio Lighthouse,Uruguay,"Cabo Polonio Lighthouse, Uruguay"
calama-chuquicamata-viewpoint,Where is the Chuquicamata mine viewpoint?,Chuquicamata Mine,Chile,"Chuquicamata Mine, Chile 🇨🇱"
caleta-tortel,Where is Caleta Tortel?,Caleta Tortel,Chile,"Caleta Tortel, Chile 🇨🇱"
cambridge-bay-canada,Where is Cambridge Bay?,Cambridge Bay,Canada,"Cambridge Bay, Canada 🇨🇦"
canterbury-cathedral-d34-4,Where is Canterbury Cathedral located in UK?,Canterbury Cathedral,England,"Canterbury Cathedral, England"
cape-of-good-hope,Where is the Cape of Good Hope?,Cape of Good Hope,South Africa,"Cape of Good Hope, South Africa 🇿🇦"
capitol-building-washington,Where is the U.S. Capitol?,United States Capitol,United States,"United States Capitol, United States 🇺🇸"
cappadocia-goreme-tr,Where is the Göreme Open-Air Museum?,Göreme Open-Air Museum,Turkey,"Göreme Open-Air Museum, Turkey 🇹🇷"
carlsbad-caverns-deep,Where is Carlsbad Caverns National Park?,Carlsbad Caverns (Big Room),United States,"Carlsbad Caverns (Big Room), United States 🇺🇸"
caroline-island,Where is Caroline Island?,Caroline Island,Kiribati,"Caroline Island, Kiribati 🇰🇮"
carthage-ruins,Where are the Carthage Ruins?,Carthage Ruins,Tunisia,"Carthage Ruins, Tunisia 🇹🇳"
casey-station,Where is Casey Station?,Casey Station,Antarctica,"Casey Station, Antarctica 🇦🇶"
cathedral-of-our-lady-d34-0,Where is Cathedral of Our Lady located in Belgium?,Cathedral of Our Lady,Belgium,"Cathedral of Our Lady, Belgium 🇧🇪"
cesky-krumlov-d34-18,Where is Cesky Krumlov located in Czechia?,Cesky Krumlov,Czech Republic,"Cesky Krumlov, Czech Republic 🇨🇿"
chacaltaya-observatory,Where is Chacaltaya Cosmic Physics Observatory?,Chacaltaya Observatory,Bolivia,"Chacaltaya Observatory, Bolivia 🇧🇴"
chaco-canyon-pueblo-bonito,Where is Pueblo Bonito?,Pueblo Bonito,United States,"Pueblo Bonito, United States 🇺🇸"
chagos-diego-garcia-point,Where is Diego Garcia Point?,Diego Garcia Point,United Kingdom,"Diego Garcia Point, United Kingdom 🇸🇭"
champagne-pool,Where is the Champagne Pool at Wai-O-Tapu?,Champagne Pool,New Zealand,"Champagne Pool, New Zealand 🇳🇿"
champasak-laos,Where is Wat Phu?,Wat Phu Champasak,Laos,"Wat Phu Champasak, Laos 🇱🇦"
champs-elysees-paris,Where is the Champs-Élysées?,Champs-Élysées,France,"Champs-Élysées, France 🇫🇷"
chan-chan-tshudi-palace,Where is the Tschudi Palace at Chan Chan?,Chan Chan,Peru,"Chan Chan, Peru 🇵🇪"
chavin-de-huantar,Where is the Lanzon temple at Chavin de Huantar?,Chavin de Huantar,Peru,"Chavin de Huantar, Peru 🇵🇪"
chichen-itza,Where is the Mayan pyramid city of Chichen Itza?,Chichen Itza,Mexico,"Chichen Itza, Mexico 🇲🇽"
chiloe-churches,Where is Chiloé Island?,Chiloé Wooden Churches,Chile,"Chiloé Wooden Churches, Chile 🇨🇱"
chiricahua-national-monument-az,Where is Chiricahua National Monument?,Chiricahua National Monument,United States,"Chiricahua National Monument, United States 🇺🇸"
christ-the-redeemer,Where does the statue of Christ the Redeemer overlook a city?,Christ the Redeemer,Brazil,"Christ the Redeemer, Brazil 🇧🇷"
church-of-good-shepherd,Where is the Church of the Good Shepherd at Lake Tekapo?,Good Shepherd Church,New Zealand,"Good Shepherd Church, New Zealand 🇳🇿"
churchill-manitoba,"Where is Churchill, the subarctic town known for polar bears gathering along Hudson Bay?",Churchill,Canada,"Churchill, Canada 🇨🇦"
chuuk-wrecks,Where is the wreck of the Fujikawa Maru in Chuuk Lagoon?,Chuuk Wrecks,Micronesia,"Chuuk Wrecks, Micronesia 🇫🇲"
cn-tower-toronto,Where is the CN Tower?,CN Tower,Canada,"CN Tower, Canada 🇨🇦"
coffin-island-devils-island,Where is the ruined prison on Devil's Island?,Devil's Island,France,"Devil's Island, France 🇫🇷"
colca-canyon-condor-cross,Where is the Cruz del Condor viewpoint?,Cruz del Condor,Peru,"Cruz del Condor, Peru 🇵🇪"
colosseum-rome,Where are the ruins of the Roman Colosseum?,Colosseum,Italy,"Colosseum, Italy 🇮🇹"
concepcion-jesuit-mission,Where is the Jesuit mission church of Concepcion?,Concepcion Mission,Bolivia,"Concepcion Mission, Bolivia 🇧🇴"
concordia-station,Where is Concordia Station?,Concordia Station,Antarctica,"Concordia Station, Antarctica 🇦🇶"
corvin-castle-d34-22,"Where is Corvin Castle, the vast Gothic fortress associated with the Hunyadi family?",Corvin Castle,Romania,"Corvin Castle, Romania 🇷🇴"
cotopaxi-refuge,Where is the Jose Rivas Refuge on Cotopaxi?,Cotopaxi Refuge,Ecuador,"Cotopaxi Refuge, Ecuador 🇪🇨"
cuenca-new-cathedral,Where is Cuenca's New Cathedral?,Cuenca Cathedral,Ecuador,"Cuenca Cathedral, Ecuador 🇪🇨"
cusco-plaza-de-armas,Where is Cusco's Plaza de Armas?,Cusco,Peru,"Cusco, Peru 🇵🇪"
davis-station,Where is Davis Station?,Davis Station,Antarctica,"Davis Station, Antarctica 🇦🇶"
delicate-arch-utah,Where is Delicate Arch?,Delicate Arch,United States,"Delicate Arch, United States 🇺🇸"
devils-tower-wyoming,Where is Devils Tower?,Devils Tower,United States,"Devils Tower, United States 🇺🇸"
diocletians-palace-d34-28,Where is Diocletian's Palace located in Croatia?,Diocletian's Palace,Croatia,"Diocletian's Palace, Croatia 🇭🇷"
disneyland,"Where is Disneyland, Walt Disney's original 1955 theme park in Anaheim?",Disneyland,United States,"Disneyland, United States 🇺🇸"
djemila-ruins,Where are the Djemila Ruins?,Djemila Ruins,Algeria,"Djemila Ruins, Algeria 🇩🇿"
djenne-great-mosque,Where is the Great Mosque of Djenné?,Great Mosque of Djenné,Mali,"Great Mosque of Djenné, Mali 🇲🇱"
dome-fuji,Where is Dome Fuji Station?,Dome Fuji Station,Antarctica,"Dome Fuji Station, Antarctica 🇦🇶"
dome-of-the-rock,Where is the Dome of the Rock?,Dome of the Rock,Israel,"Dome of the Rock, Israel 🇮🇱"
drakensberg-amphitheatre,Where is the Drakensberg Amphitheatre?,Drakensberg Amphitheatre,South Africa,"Drakensberg Amphitheatre, South Africa 🇿🇦"
dublin-castle-d34-6,Where is Dublin Castle located in Ireland?,Dublin Castle,Ireland,"Dublin Castle, Ireland 🇮🇪"
ducie-island,Where is Ducie Island?,Ducie Island,United Kingdom,"Ducie Island, United Kingdom 🇸🇭"
duomo-florence,Where is the Florence Cathedral?,Florence Cathedral,Italy,"Florence Cathedral, Italy 🇮🇹"
dzilam-de-bravo,Where is Dzilam de Bravo?,Dzilam de Bravo,Mexico,"Dzilam de Bravo, Mexico 🇲🇽"
eagle-island-chagos,"Where is Eagle Islands, Chagos?","Eagle Islands, Chagos",United Kingdom,"Eagle Islands, Chagos, United Kingdom 🇸🇭"
easter-island-moai,Where are the Easter Island Moai?,Easter Island Moai,Chile,"Easter Island Moai, Chile 🇨🇱"
eiffel-tower,Where does the Eiffel Tower stand?,Eiffel Tower,France,"Eiffel Tower, France 🇫🇷"
el-castillo-chichen-itza,Where is El Castillo at Chichén Itzá?,El Castillo,Mexico,"El Castillo, Mexico 🇲🇽"
el-djem-amphitheatre,Where is the El Jem Amphitheatre?,El Jem Amphitheatre,Tunisia,"El Jem Amphitheatre, Tunisia 🇹🇳"
el-porvenir-san-blas,"Where is El Porvenir, San Blas?","El Porvenir, San Blas",Panama,"El Porvenir, San Blas, Panama 🇵🇦"
el-tatio-geysers,Where is the main boardwalk at El Tatio?,El Tatio Geyser Field,Chile,"El Tatio Geyser Field, Chile 🇨🇱"
emi-koussi-chad,Where is Emi Koussi?,Emi Koussi,Chad,"Emi Koussi, Chad 🇹🇩"
empire-state-building-ny,Where is the Empire State Building?,Empire State Building,United States,"Empire State Building, United States 🇺🇸"
equator-mitad-del-mundo,Where is the Mitad del Mundo monument?,Mitad del Mundo,Ecuador,"Mitad del Mundo, Ecuador 🇪🇨"
fakaofo-fale,Where is Fakaofo?,Fakaofo,New Zealand,"Fakaofo, New Zealand 🇳🇿"
falkland-goose-green-memorial,Where is the Goose Green memorial?,Goose Green Memorial,United Kingdom,"Goose Green Memorial, United Kingdom 🇸🇭"
fasil-ghebbi-gondar,Where is Fasil Ghebbi?,Fasil Ghebbi,Ethiopia,"Fasil Ghebbi, Ethiopia 🇪🇹"
fitz-roy-laguna-de-los-tres,Where is the Laguna de los Tres viewpoint?,Laguna de los Tres,Argentina,"Laguna de los Tres, Argentina 🇦🇷"
flint-island,Where is Flint Island?,Flint Island,Kiribati,"Flint Island, Kiribati 🇰🇮"
fort-jesus-mombasa,Where is Fort Jesus in Mombasa?,Fort Jesus,Kenya,"Fort Jesus, Kenya 🇰🇪"
fort-mchenry,Where is Fort McHenry?,Fort McHenry,United States,"Fort McHenry, United States 🇺🇸"
fort-nieuw-amsterdam,Where is Fort Nieuw Amsterdam in Suriname?,Fort Nieuw Amsterdam,Suriname,"Fort Nieuw Amsterdam, Suriname"
fort-sumter-charleston,Where is Fort Sumter?,Fort Sumter,United States,"Fort Sumter, United States 🇺🇸"
fort-zeelandia-paramaribo,Where is Fort Zeelandia in Paramaribo?,Fort Zeelandia,Suriname,"Fort Zeelandia, Suriname"
fox-glacier,Where is the Fox Glacier terminal face?,Fox Glacier,New Zealand,"Fox Glacier, New Zealand 🇳🇿"
french-quarter-nola,Where is Jackson Square in New Orleans?,Jackson Square,United States,"Jackson Square, United States 🇺🇸"
fuerte-bulnes,Where is Fuerte Bulnes?,Fuerte Bulnes,Chile,"Fuerte Bulnes, Chile 🇨🇱"
fuji-tv-building-tokyo,Where is the Fuji TV Building?,Fuji TV Building,Japan,"Fuji TV Building, Japan 🇯🇵"
futuna-leava,"Where is Leava, Futuna?","Leava, Futuna",France,"Leava, Futuna, France 🇫🇷"
gaborone,"Where is Gaborone, the capital of Botswana?",Gaborone,Botswana,"Gaborone, Botswana"
gateway-arch-st-louis,Where is the Gateway Arch?,Gateway Arch,United States,"Gateway Arch, United States 🇺🇸"
gdansk-old-town-d34-16,Where is Gdansk Old Town located in Poland?,Gdansk Old Town,Poland,"Gdansk Old Town, Poland 🇵🇱"
genoa-harbor-d34-46,Where is Genoa Harbor located in Italy?,Genoa Harbor,Italy,"Genoa Harbor, Italy 🇮🇹"
georgetown-st-georges-cathedral,Where is St. George's Cathedral in Georgetown?,Georgetown,Guyana,"Georgetown, Guyana"
gettysburg-battlefield,Where is Cemetery Hill at Gettysburg?,Gettysburg,United States,"Gettysburg, United States 🇺🇸"
geysir-d34-42,Where is Geysir located in Iceland?,Geysir,Iceland,"Geysir, Iceland 🇮🇸"
gobi-desert-dinosaur-nemegt,"Where is the Nemegt Formation, famous for its dinosaur fossils in the Gobi Desert?",Nemegt Formation,Mongolia,"Nemegt Formation, Mongolia 🇲🇳"
golden-gate-bridge,Where does the Golden Gate Bridge span?,Golden Gate Bridge,United States,"Golden Gate Bridge, United States 🇺🇸"
gorée-island-door-of-no-return,Where is the House of Slaves on Gorée Island?,Gorée Island,Senegal,"Gorée Island, Senegal 🇸🇳"
gothenburg-canals-d34-34,Where are the Dutch-inspired canals that thread central Gothenburg?,Gothenburg Canals,Sweden,"Gothenburg Canals, Sweden 🇸🇪"
gough-island-weather,Where is Gough Island Station?,Gough Island Station,United Kingdom,"Gough Island Station, United Kingdom 🇸🇭"
grand-place-d34-1,Where is Grand Place located in Belgium?,Grand Place,Belgium,"Grand Place, Belgium 🇧🇪"
grand-prismatic-yellowstone,Where is the Grand Prismatic Spring?,Grand Prismatic,United States,"Grand Prismatic, United States 🇺🇸"
great-sea-reef,Where is the Great Sea Reef's northern tip near Vanua Levu?,Great Sea Reef,Fiji,"Great Sea Reef, Fiji 🇫🇯"
great-sphinx-giza,Where does the Great Sphinx keep watch?,Great Sphinx,Egypt,"Great Sphinx, Egypt 🇪🇬"
grise-fiord,Where is Grise Fiord?,Grise Fiord,Canada,"Grise Fiord, Canada 🇨🇦"
guggenheim-bilbao,Where is the Guggenheim Bilbao?,Guggenheim Bilbao,Spain,"Guggenheim Bilbao, Spain 🇪🇸"
halemaumau-crater,Where is Halemaʻumaʻu Crater in Hawaiʻi Volcanoes National Park?,Halemaʻumaʻu,United States,"Halemaʻumaʻu, United States 🇺🇸"
half-dome-us,Where is Half Dome?,Half Dome,United States,"Half Dome, United States 🇺🇸"
halley-station,Where is Halley Station?,Halley Station,Antarctica,"Halley Station, Antarctica 🇦🇶"
hallgrímskirkja-d34-40,Where is Hallgrímskirkja located in Iceland?,Hallgrímskirkja,Iceland,"Hallgrímskirkja, Iceland 🇮🇸"
hand-in-the-desert,Where is the Hand of the Desert?,Hand of the Desert,Chile,"Hand of the Desert, Chile 🇨🇱"
harmony-point-nelson,Where is Harmony Point on Nelson Island?,Harmony Point,Antarctica,"Harmony Point, Antarctica 🇦🇶"
hassan-ii-mosque,Where is the Hassan II Mosque?,Hassan II Mosque,Morocco,"Hassan II Mosque, Morocco 🇲🇦"
hatshepsut-temple-deir-el-bahari,Where is the Mortuary Temple of Hatshepsut?,Hatshepsut Temple,Egypt,"Hatshepsut Temple, Egypt 🇪🇬"
heard-island,Where is Heard Island?,Heard Island,Australia,"Heard Island, Australia 🇦🇺"
heimaey-iceland,Where is Heimaey?,Heimaey,Iceland,"Heimaey, Iceland 🇮🇸"
helsinki-cathedral-d34-31,Where is Helsinki Cathedral located in Finland?,Helsinki Cathedral,Finland,"Helsinki Cathedral, Finland 🇫🇮"
henderson-island-point,Where is Henderson Island?,Henderson Island,United Kingdom,"Henderson Island, United Kingdom 🇸🇭"
hollywood-sign-la,Where is the Hollywood Sign?,Hollywood Sign,United States,"Hollywood Sign, United States 🇺🇸"
honningsvag-norway,Where is Honningsvåg?,Honningsvåg,Norway,"Honningsvåg, Norway 🇳🇴"
hoover-dam,Where is the Hoover Dam?,Hoover Dam,United States,"Hoover Dam, United States 🇺🇸"
hpa-an-caves-myanmar,Where is Saddan Cave near Hpa-An?,Saddan Cave,Myanmar,"Saddan Cave, Myanmar 🇲🇲"
huacachina-peru,Where is the Huacachina Oasis?,Huacachina Oasis,Peru,"Huacachina Oasis, Peru 🇵🇪"
iguazu-falls-argentina,Where is the Devils Throat at Iguazú Falls?,Iguazú Falls (Devils Throat),Argentina,"Iguazú Falls (Devils Throat), Argentina 🇦🇷"
ilulissat-greenland,Where is Ilulissat?,Ilulissat,Denmark,"Ilulissat, Denmark 🇩🇰"
inaccessible-island,Where is Inaccessible Island?,Inaccessible Island,United Kingdom,"Inaccessible Island, United Kingdom 🇸🇭"
independence-hall,Where is Independence Hall?,Independence Hall,United States,"Independence Hall, United States 🇺🇸"
inkaterra-canopy-tower-tambopata,Where is the canopy tower near Tambopata Research Center?,Tambopata Canopy Tower,Peru,"Tambopata Canopy Tower, Peru 🇵🇪"
iqaluit-nunavut,"Where is Iqaluit, the Arctic capital on the shores of Frobisher Bay?",Iqaluit,Canada,"Iqaluit, Canada 🇨🇦"
isla-foca,"Where is Isla de la Foca, Peru?","Isla de la Foca, Peru",Peru,"Isla de la Foca, Peru, Peru 🇵🇪"
island-of-mozambique-fort,Where is Fort São Sebastião on Ilha de Moçambique?,Fort São Sebastião,Mozambique,"Fort São Sebastião, Mozambique 🇲🇿"
ittoqqortoormiit-greenland,"Where is the remote settlement of Ittoqqortoormiit, beside the world’s largest fjord system?",Ittoqqortoormiit,Iceland,"Ittoqqortoormiit, Iceland 🇮🇸"
joaquin-suarez-stadium-paramaribo,Where is Andre Kamperveen Stadium?,Andre Kamperveen Stadium,Suriname,"Andre Kamperveen Stadium, Suriname"
k2-base-camp-pakistan,Where is K2 Base Camp?,K2 Base Camp,Pakistan,"K2 Base Camp, Pakistan 🇵🇰"
kaieteur-falls-viewpoint,Where is the main viewpoint at Kaieteur Falls?,Kaieteur Falls,Guyana,"Kaieteur Falls, Guyana"
kalemegdan-fortress-d34-25,"Where is Kalemegdan Fortress, overlooking the meeting of the Sava and Danube?",Kalemegdan Fortress,Serbia,"Kalemegdan Fortress, Serbia 🇷🇸"
kamakura-daibutsu-jp,Where is the Great Buddha of Kamakura?,Great Buddha of Kamakura,Japan,"Great Buddha of Kamakura, Japan 🇯🇵"
kangiqsujuaq-canada,Where is Kangiqsujuaq?,Kangiqsujuaq,Canada,"Kangiqsujuaq, Canada 🇨🇦"
kanyakumari-india,"Where is Kanyakumari, where three seas meet at the southern tip of a subcontinent?",Kanyakumari,India,"Kanyakumari, India 🇮🇳"
karnak-temple-complex,Where is the Karnak Temple?,Karnak Temple,Egypt,"Karnak Temple, Egypt 🇪🇬"
kermadec-islands,Where is Raoul Island?,Raoul Island,New Zealand,"Raoul Island, New Zealand 🇳🇿"
khajuraho-india,Where is Khajuraho?,Khajuraho Group of Monuments,India,"Khajuraho Group of Monuments, India 🇮🇳"
kilwa-kisiwani-ruins,Where are the Kilwa Kisiwani Ruins?,Kilwa Kisiwani,Tanzania,"Kilwa Kisiwani, Tanzania 🇹🇿"
kiritimati-london,"Where is London, Kiritimati?","London, Kiritimati",Kiribati,"London, Kiritimati, Kiribati 🇰🇮"
kiriwina-trobriands,Where is Kaibola on Kiriwina Island?,Kiriwina,Papua New Guinea,"Kiriwina, Papua New Guinea 🇵🇬"
kirkenes-norway,Where is Kirkenes?,Kirkenes,Norway,"Kirkenes, Norway 🇳🇴"
koh-pha-ngan-thailand,Where is Koh Phangan?,Koh Phangan,Thailand,"Koh Phangan, Thailand 🇹🇭"
komodo-island,Where is Komodo Island?,Komodo Island,Indonesia,"Komodo Island, Indonesia 🇮🇩"
kondoa-rock-art,Where is the Kondoa Rock Art Sites?,Kondoa Irangi Rock Paintings,Tanzania,"Kondoa Irangi Rock Paintings, Tanzania 🇹🇿"
kourou-space-centre,Where is the Guiana Space Centre's main launch zone?,Guiana Space Centre,France,"Guiana Space Centre, France 🇫🇷"
koutoubia-mosque-marrakech,Where is the Koutoubia Mosque?,Koutoubia Mosque,Morocco,"Koutoubia Mosque, Morocco 🇲🇦"
krakow-old-town-d34-10,Where is Krakow Old Town located in Poland?,Krakow Old Town,Poland,"Krakow Old Town, Poland 🇵🇱"
kremlin-moscow,Where is the Kremlin?,Kremlin,Russia,"Kremlin, Russia 🇷🇺"
kuala-lumpur-tower,Where is the KL Tower?,KL Tower,Malaysia,"KL Tower, Malaysia 🇲🇾"
la-paz-plaza-murillo,Where is Plaza Murillo in La Paz?,La Paz,Bolivia,"La Paz, Bolivia 🇧🇴"
lago-general-carrera,Where is Marble Cathedral in Patagonia?,Catedral de Mármol,Chile,"Catedral de Mármol, Chile 🇨🇱"
laguna-colorada-viewpoint,Where is the main viewpoint at Laguna Colorada?,Laguna Colorada,Chile,"Laguna Colorada, Chile 🇨🇱"
lake-balaton-d34-21,Where is Lake Balaton located in Hungary?,Lake Balaton,Hungary,"Lake Balaton, Hungary 🇭🇺"
lake-titicaca-uros,Where are the Uros floating islands?,Uros Floating Islands,Peru,"Uros Floating Islands, Peru 🇵🇪"
lake-turkana-kenya,Where is Lake Turkana?,Lake Turkana,Kenya,"Lake Turkana, Kenya 🇰🇪"
lalibela-rock-churches,Where are the Rock-Hewn Churches of Lalibela?,Lalibela Churches,Ethiopia,"Lalibela Churches, Ethiopia 🇪🇹"
las-lajas-sanctuary,Where is Las Lajas Sanctuary?,Las Lajas Sanctuary,Colombia,"Las Lajas Sanctuary, Colombia 🇨🇴"
leaning-tower-of-pisa,Where does the Leaning Tower of Pisa stand?,Leaning Tower of Pisa,Italy,"Leaning Tower of Pisa, Italy 🇮🇹"
leh-india,"Where is Leh, the high-altitude former caravan hub in the Indus Valley?",Leh,India,"Leh, India 🇮🇳"
leptis-magna,Where are the Leptis Magna Ruins?,Leptis Magna,Libya,"Leptis Magna, Libya 🇱🇾"
liberty-bell,Where is the Liberty Bell?,Liberty Bell,United States,"Liberty Bell, United States 🇺🇸"
lifou-cliffs,Where are the Jokin Cliffs on Lifou Island?,Lifou Cliffs,France,"Lifou Cliffs, France 🇫🇷"
lima-plaza-mayor,Where is Lima's Plaza Mayor?,Lima,Peru,"Lima, Peru 🇵🇪"
lincoln-memorial-dc,Where is the Lincoln Memorial?,Lincoln Memorial,United States,"Lincoln Memorial, United States 🇺🇸"
ljubljana-old-town-d34-29,"Where is the old town beneath Ljubljana Castle, crossed by the Triple Bridge?",Ljubljana Old Town,Slovenia,"Ljubljana Old Town, Slovenia 🇸🇮"
longmen-grottos,"Where are the Longmen Grottoes, with 2,300 Buddhist caves and 100,000 statues carved into limestone cliffs?",Longmen Grottoes,China,"Longmen Grottoes, China 🇨🇳"
longyearbyen-advent,"Where is Adventdalen, Longyearbyen?","Adventdalen, Longyearbyen",Norway,"Adventdalen, Longyearbyen, Norway 🇳🇴"
lord-howe-island,Where is Lord Howe Island?,Lord Howe Island,Australia,"Lord Howe Island, Australia 🇦🇺"
louvre-paris,Where is the Louvre?,Louvre Museum,France,"Louvre Museum, France 🇫🇷"
luang-prabang-laos,"Where is Luang Prabang, the former royal capital at the meeting of the Mekong and Nam Khan rivers?",Luang Prabang,Laos,"Luang Prabang, Laos 🇱🇦"
lucca-walls-d34-50,Where are the intact Renaissance walls encircling Lucca's old city?,Lucca Walls,Italy,"Lucca Walls, Italy 🇮🇹"
machu-picchu,Where is the Inca citadel of Machu Picchu?,Machu Picchu,Peru,"Machu Picchu, Peru 🇵🇪"
maheno-shipwreck,Where is the Maheno Shipwreck on Fraser Island?,Maheno Shipwreck,Australia,"Maheno Shipwreck, Australia 🇦🇺"
malden-island,Where is Malden Island?,Malden Island,Kiribati,"Malden Island, Kiribati 🇰🇮"
manaus-opera-house,Where is the Amazon Theatre?,Amazon Theatre,Brazil,"Amazon Theatre, Brazil 🇧🇷"
manihiki-oma,Where is Manihiki?,Manihiki,Cook Islands,"Manihiki, Cook Islands 🇨🇰"
maracana-stadium,Where is Maracana Stadium?,Maracana Stadium,Brazil,"Maracana Stadium, Brazil 🇧🇷"
marion-island,Where is Marion Island Station?,Marion Island Station,South Africa,"Marion Island Station, South Africa 🇿🇦"
masada-israel,Where is Masada?,Masada,Israel,"Masada, Israel 🇮🇱"
mata-utu-wallis,Where is Mata-Utu on Wallis Island?,Mata-Utu,France,"Mata-Utu, France 🇫🇷"
mauna-kea,Where is the Mauna Kea Observatories summit?,Mauna Kea,United States,"Mauna Kea, United States 🇺🇸"
mawson-station,Where is Mawson Station?,Mawson Station,Antarctica,"Mawson Station, Antarctica 🇦🇶"
mcmurdo-hut-point,"Where is Hut Point, McMurdo?","Hut Point, McMurdo",Antarctica,"Hut Point, McMurdo, Antarctica 🇦🇶"
mcquarie-island,Where is Macquarie Island Station?,Macquarie Island Station,Australia,"Macquarie Island Station, Australia 🇦🇺"
mecca-kaaba-saudi,Where is the Kaaba?,Kaaba,Saudi Arabia,"Kaaba, Saudi Arabia 🇸🇦"
medellin-botero-plaza,Where is Botero Plaza in Medellin?,Medellin,Colombia,"Medellin, Colombia 🇨🇴"
meiji-shrine,Where is the Shinto shrine dedicated to Emperor Meiji and his empress?,Meiji Shrine,Japan,"Meiji Shrine, Japan 🇯🇵"
merlion-singapore,Where is the Merlion?,Merlion,Singapore,"Merlion, Singapore 🇸🇬"
meroe-pyramids,Where are the Meroë Pyramids?,Meroë Pyramids,Sudan,"Meroë Pyramids, Sudan 🇸🇩"
mesa-verde-cliff-palace,Where is Cliff Palace?,Cliff Palace,United States,"Cliff Palace, United States 🇺🇸"
milan-duomo,Where is Milan Cathedral?,Milan Cathedral,Italy,"Milan Cathedral, Italy 🇮🇹"
mitre-peak,Where is Mitre Peak at Milford Sound?,Mitre Peak,New Zealand,"Mitre Peak, New Zealand 🇳🇿"
moai-quarry-rano-raraku,Where is the moai quarry at Rano Raraku?,Rano Raraku Quarry,Chile,"Rano Raraku Quarry, Chile 🇨🇱"
moai-rapa-nui-ahu-tongariki,Where is Ahu Tongariki on Easter Island?,Ahu Tongariki,Chile,"Ahu Tongariki, Chile 🇨🇱"
moeraki-boulders,Where are the Moeraki Boulders?,Moeraki Boulders,New Zealand,"Moeraki Boulders, New Zealand 🇳🇿"
mole-antonelliana-d34-56,"Where is the Mole Antonelliana, the soaring domed landmark now housing a cinema museum?",Mole Antonelliana,Italy,"Mole Antonelliana, Italy 🇮🇹"
monkey-gorge-zimbabwe,Where is Chitake Gorge in Mana Pools National Park?,Mana Pools - Chitake Gorge,Zimbabwe,"Mana Pools - Chitake Gorge, Zimbabwe 🇿🇼"
monschau-d34-79,"Where is Monschau, the half-timbered town tucked into the narrow Rur valley?",Monschau,Germany,"Monschau, Germany 🇩🇪"
montevideo-plaza-independencia,Where is Plaza Independencia in Montevideo?,Montevideo,Uruguay,"Montevideo, Uruguay"
montserrat-monastery-d34-69,Where is Montserrat Monastery located in Spain?,Montserrat Monastery,Spain,"Montserrat Monastery, Spain 🇪🇸"
monument-valley-mitten,Where is the East Mitten Butte?,East Mitten Butte,United States,"East Mitten Butte, United States 🇺🇸"
mosque-cathedral-of-cordoba-d34-63,Where is Mosque-Cathedral of Cordoba located in Spain?,Mosque-Cathedral of Cordoba,Spain,"Mosque-Cathedral of Cordoba, Spain 🇪🇸"
mount-cameroon-summit,Where is Mount Cameroon (summit area)?,Mount Cameroon,Cameroon,"Mount Cameroon, Cameroon 🇨🇲"
mount-everest-summit,Where is the summit of Mount Everest?,Mount Everest,Nepal,"Mount Everest, Nepal 🇳🇵"
mount-karthala-comoros,Where is Mount Karthala?,Mount Karthala,Comoros,"Mount Karthala, Comoros"
mount-kenya-summit,Where is the summit of Mount Kenya?,Mount Kenya Summit,Kenya,"Mount Kenya Summit, Kenya 🇰🇪"
mount-kilimanjaro-summit,Where is the summit of Mount Kilimanjaro?,Kilimanjaro Summit,Tanzania,"Kilimanjaro Summit, Tanzania 🇹🇿"
mount-olympus,"Where is Mount Olympus, legendary home of Zeus and the other Olympian gods?",Mount Olympus,Greece,"Mount Olympus, Greece 🇬🇷"
mount-roraima-triple-point,Where is the triple-border marker on Mount Roraima?,Mount Roraima,Venezuela,"Mount Roraima, Venezuela 🇻🇪"
mount-rushmore-sd,Where is Mount Rushmore?,Mount Rushmore,United States,"Mount Rushmore, United States 🇺🇸"
mount-sinai-eg,Where is Mount Sinai?,Mount Sinai,Egypt,"Mount Sinai, Egypt 🇪🇬"
moyo-uganda,"Where is Moyo, a remote district west of the White Nile near the South Sudan border?",Moyo District,Uganda,"Moyo District, Uganda 🇺🇬"
mt-ngauruhoe,Where is Mount Ngauruhoe in Tongariro National Park?,Mt Ngauruhoe,New Zealand,"Mt Ngauruhoe, New Zealand 🇳🇿"
mt-orohena,Where is Mount Orohena on Tahiti?,Mt Orohena,France,"Mt Orohena, France 🇫🇷"
mt-waialeale,Where is Mount Waiʻaleʻale on Kauai?,Mt Waiʻaleʻale,United States,"Mt Waiʻaleʻale, United States 🇺🇸"
mt-yasur,Where is Mount Yasur on Tanna Island?,Mt Yasur,Vanuatu,"Mt Yasur, Vanuatu 🇻🇺"
murano-d34-55,Where is Murano located in Italy?,Murano,Italy,"Murano, Italy 🇮🇹"
nahuel-huapi-civic-centre,Where is Bariloche's Civic Centre?,Bariloche,Argentina,"Bariloche, Argentina 🇦🇷"
nan-madol,Where are the stone ruins of Nan Madol on Pohnpei?,Nan Madol,Micronesia,"Nan Madol, Micronesia 🇫🇲"
nanortalik-greenland,Where is Nanortalik?,Nanortalik,Denmark,"Nanortalik, Denmark 🇩🇰"
nanumea-tuvalu,"Where is Nanumea, Tuvalu?","Nanumea, Tuvalu",Tuvalu,"Nanumea, Tuvalu, Tuvalu 🇹🇻"
naples-old-town-d34-57,Where is Naples Old Town located in Italy?,Naples Old Town,Italy,"Naples Old Town, Italy 🇮🇹"
naqa-temple,Where is the Temple of Amun at Naqa?,Naqa Temple,Sudan,"Naqa Temple, Sudan 🇸🇩"
neumayer-iii,Where is Neumayer Station III?,Neumayer Station III,Antarctica,"Neumayer Station III, Antarctica 🇦🇶"
new-grange-colonia-lighthouse,Where is the lighthouse in Colonia del Sacramento?,Colonia Lighthouse,Uruguay,"Colonia Lighthouse, Uruguay"
ngorongoro-crater-rim,Where is the Ngorongoro Crater rim lookout?,Ngorongoro Crater,Tanzania,"Ngorongoro Crater, Tanzania 🇹🇿"
niagara-falls,Where do the Niagara Falls thunder between two countries?,Niagara Falls,United States,"Niagara Falls, United States 🇺🇸"
niagara-falls-horseshoe,Where is the Horseshoe Falls?,Horseshoe Falls,Canada,"Horseshoe Falls, Canada 🇨🇦"
nidaros-cathedral-d34-38,"Where is Nidaros Cathedral, built over the burial place of Saint Olaf?",Nidaros Cathedral,Norway,"Nidaros Cathedral, Norway 🇳🇴"
nightingale-island,Where is Nightingale Island?,Nightingale Island,United Kingdom,"Nightingale Island, United Kingdom 🇸🇭"
niue-alofi,"Where is Alofi, Niue?","Alofi, Niue",Niue,"Alofi, Niue, Niue"
notre-dame-paris,Where is Notre-Dame?,Notre-Dame Cathedral,France,"Notre-Dame Cathedral, France 🇫🇷"
nourlangie-rock,Where is Nourlangie Rock in Kakadu National Park?,Nourlangie Rock,Australia,"Nourlangie Rock, Australia 🇦🇺"
nui-tuvalu,"Where is Nui, Tuvalu?","Nui, Tuvalu",Tuvalu,"Nui, Tuvalu, Tuvalu 🇹🇻"
nukunonu-village-point,Where is Nukunonu Village?,Nukunonu Village,New Zealand,"Nukunonu Village, New Zealand 🇳🇿"
ny-alesund,Where is Ny-Ålesund?,Ny-Ålesund,Norway,"Ny-Ålesund, Norway 🇳🇴"
odaiba-tokyo,Where is Odaiba?,Tokyo Bay Odaiba,Japan,"Tokyo Bay Odaiba, Japan 🇯🇵"
oeno-island,Where is Oeno Island?,Oeno Island,United Kingdom,"Oeno Island, United Kingdom 🇸🇭"
oivi-kokoda,Where is the Oivi village along the Kokoda Track?,Oivi Kokoda,Papua New Guinea,"Oivi Kokoda, Papua New Guinea 🇵🇬"
ol-duvai-gorge,Where is Olduvai Gorge?,Olduvai Gorge,Tanzania,"Olduvai Gorge, Tanzania 🇹🇿"
old-faithful-yellowstone,Where is Old Faithful geyser?,Old Faithful,United States,"Old Faithful, United States 🇺🇸"
oslo-opera-house-d34-37,Where is Oslo Opera House located in Norway?,Oslo Opera House,Norway,"Oslo Opera House, Norway 🇳🇴"
ouro-preto-tiradentes-square,Where is Tiradentes Square in Ouro Preto?,Ouro Preto,Brazil,"Ouro Preto, Brazil 🇧🇷"
oymyakon-russia,"Where is Oymyakon, one of the coldest permanently inhabited places on Earth?",Oymyakon,Russia,"Oymyakon, Russia 🇷🇺"
palace-of-parliament-d34-24,Where is Palace of Parliament located in Romania?,Palace of Parliament,Romania,"Palace of Parliament, Romania 🇷🇴"
palermo-cathedral-d34-59,Where is Palermo Cathedral located in Italy?,Palermo Cathedral,Italy,"Palermo Cathedral, Italy 🇮🇹"
palmer-station,Where is Palmer Station?,Palmer Station,Antarctica,"Palmer Station, Antarctica 🇦🇶"
palmerston-island,Where is Palmerston Island?,Palmerston Island,Cook Islands,"Palmerston Island, Cook Islands 🇨🇰"
panathenaic-stadium-athens,Where is the Panathenaic Stadium?,Panathenaic Stadium,Greece,"Panathenaic Stadium, Greece 🇬🇷"
pangai-haapai,Where is Pangai in the Ha'apai group?,Pangai,Tonga,"Pangai, Tonga 🇹🇴"
pantanal-porto-jofre,"Where is Porto Jofre, a gateway to the Pantanal?",Porto Jofre,Bolivia,"Porto Jofre, Bolivia 🇧🇴"
paracas-candelabra,Where is Candelabra Geoglyph?,Candelabra Geoglyph,Peru,"Candelabra Geoglyph, Peru 🇵🇪"
paramaribo-presidential-palace,Where is Suriname's Presidential Palace?,Paramaribo,Suriname,"Paramaribo, Suriname"
paraty-historic-center,Where is the historic center of Paraty?,Paraty,Brazil,"Paraty, Brazil 🇧🇷"
park-güell-d34-68,Where is Park Güell located in Spain?,Park Güell,Spain,"Park Güell, Spain 🇪🇸"
parliament-hill-ottawa,Where is Parliament Hill?,Parliament Hill,Canada,"Parliament Hill, Canada 🇨🇦"
patagonia-torres-del-paine,Where is Torres del Paine National Park?,Torres del Paine (Base of Towers),Chile,"Torres del Paine (Base of Towers), Chile 🇨🇱"
pavuvu-russells,Where is Pavuvu Island in the Russell Islands?,Pavuvu,Solomon Islands,"Pavuvu, Solomon Islands 🇸🇧"
pearl-harbor-uss-arizona,Where is the USS Arizona Memorial at Pearl Harbor?,USS Arizona,United States,"USS Arizona, United States 🇺🇸"
pena-palace-d34-76,Where is Pena Palace located in Portugal?,Pena Palace,Portugal,"Pena Palace, Portugal 🇵🇹"
penrhyn-omoka,"Where is Omoka, Penrhyn?","Omoka, Penrhyn",Cook Islands,"Omoka, Penrhyn, Cook Islands 🇨🇰"
perito-moreno-viewpoint,Where is the main viewpoint for Perito Moreno Glacier?,Perito Moreno Glacier,Argentina,"Perito Moreno Glacier, Argentina 🇦🇷"
peros-banhos,Where is Peros Banhos?,Peros Banhos,United Kingdom,"Peros Banhos, United Kingdom 🇸🇭"
peterhof-palace-ru,Where is Peterhof Palace?,Peterhof Palace,Russia,"Peterhof Palace, Russia 🇷🇺"
petermann-island,Where is Petermann Island?,Petermann Island,Antarctica,"Petermann Island, Antarctica 🇦🇶"
petra-jordan,Where is the ancient city of Petra?,Petra,Jordan,"Petra, Jordan 🇯🇴"
petra-nabatean-treasury,"Where is Petra, Jordan?",Petra - Al Khazneh,Jordan,"Petra - Al Khazneh, Jordan 🇯🇴"
pevek-russia,Where is Pevek?,Pevek,Russia,"Pevek, Russia 🇷🇺"
piazza-del-campo-d34-51,Where is Piazza del Campo located in Italy?,Piazza del Campo,Italy,"Piazza del Campo, Italy 🇮🇹"
pico-do-fogo-cape-verde,Where is Pico do Fogo?,Pico do Fogo,Cape Verde,"Pico do Fogo, Cape Verde"
piedra-del-cocuy,Where is Piedra del Cocuy?,Piedra del Cocuy,Venezuela,"Piedra del Cocuy, Venezuela 🇻🇪"
pisa-cathedral,Where is Pisa Cathedral?,Pisa Cathedral,Italy,"Pisa Cathedral, Italy 🇮🇹"
pitcairn-bounty-bay,"Where is Bounty Bay, Pitcairn?","Bounty Bay, Pitcairn",United Kingdom,"Bounty Bay, Pitcairn, United Kingdom 🇸🇭"
plaza-mayor-of-salamanca-d34-70,Where is Salamanca's grand Baroque Plaza Mayor?,Plaza Mayor of Salamanca,Spain,"Plaza Mayor of Salamanca, Spain 🇪🇸"
plymouth-rock,Where is Plymouth Rock?,Plymouth Rock,United States,"Plymouth Rock, United States 🇺🇸"
pohutu-geyser,Where is Pohutu Geyser in Rotorua?,Pohutu Geyser,New Zealand,"Pohutu Geyser, New Zealand 🇳🇿"
port-arthur,Where is the Port Arthur Historic Site penitentiary ruins?,Port Arthur,Australia,"Port Arthur, Australia 🇦🇺"
port-lockroy,Where is Port Lockroy on Wiencke Island?,Port Lockroy,Antarctica,"Port Lockroy, Antarctica 🇦🇶"
port-of-rotterdam-d34-9,Where is Port of Rotterdam located in Netherlands?,Port of Rotterdam,Netherlands,"Port of Rotterdam, Netherlands 🇳🇱"
porto-old-town-d34-74,Where is Porto Old Town located in Portugal?,Porto Old Town,Portugal,"Porto Old Town, Portugal 🇵🇹"
potosi-casa-de-la-moneda,Where is the National Mint of Bolivia in Potosi?,Potosi Mint,Bolivia,"Potosi Mint, Bolivia 🇧🇴"
povungnituk-canada,Where is Puvirnituq?,Puvirnituq,Canada,"Puvirnituq, Canada 🇨🇦"
prague-castle-d34-17,Where is Prague Castle located in Czechia?,Prague Castle,Czech Republic,"Prague Castle, Czech Republic 🇨🇿"
prambanan-indonesia,Where is Prambanan?,Prambanan Temple,Indonesia,"Prambanan Temple, Indonesia 🇮🇩"
prince-edward-island,Where is Prince Edward Island?,Prince Edward Island,South Africa,"Prince Edward Island, South Africa 🇿🇦"
pucara-de-tilcara,Where is Pucara de Tilcara?,Pucara de Tilcara,Argentina,"Pucara de Tilcara, Argentina 🇦🇷"
puente-nuevo-d34-66,Where is Puente Nuevo located in Spain?,Puente Nuevo,Spain,"Puente Nuevo, Spain 🇪🇸"
puerto-lempira,Where is Puerto Lempira?,Puerto Lempira,Honduras,"Puerto Lempira, Honduras 🇭🇳"
pukapuka-village,Where is Pukapuka Village?,Pukapuka Village,Cook Islands,"Pukapuka Village, Cook Islands 🇨🇰"
punta-alliance,Where is Punta Allen?,Punta Allen,Mexico,"Punta Allen, Mexico 🇲🇽"
punta-arenas-magellan-monument,Where is the Magellan monument in Punta Arenas?,Punta Arenas,Chile,"Punta Arenas, Chile 🇨🇱"
pyramids-louvre-paris,Where is the Louvre Pyramid?,Louvre Pyramid,France,"Louvre Pyramid, France 🇫🇷"
pyramids-of-giza,Where do the Great Pyramids of Giza stand?,Pyramids of Giza,Egypt,"Pyramids of Giza, Egypt 🇪🇬"
qaanaaq,Where is Qaanaaq?,Qaanaaq,Canada,"Qaanaaq, Canada 🇨🇦"
qaqortoq-greenland,Where is Qaqortoq?,Qaqortoq,Denmark,"Qaqortoq, Denmark 🇩🇰"
queenstown-bay,Where is the Queenstown Bay?,Queenstown Bay,New Zealand,"Queenstown Bay, New Zealand 🇳🇿"
quetico-provincial-park,Where is Quetico Provincial Park?,Quetico Provincial Park,Canada,"Quetico Provincial Park, Canada 🇨🇦"
quilotoa-crater-viewpoint,Where is the main viewpoint over Quilotoa crater lake?,Quilotoa Crater Lake,Ecuador,"Quilotoa Crater Lake, Ecuador 🇪🇨"
rankin-inlet-canada,Where is Rankin Inlet?,Rankin Inlet,Canada,"Rankin Inlet, Canada 🇨🇦"
real-alcázar-of-seville-d34-64,Where is Real Alcázar of Seville located in Spain?,Real Alcázar of Seville,Spain,"Real Alcázar of Seville, Spain 🇪🇸"
real-felipe-fortress,Where is the Real Felipe Fortress?,Real Felipe Fortress,Peru,"Real Felipe Fortress, Peru 🇵🇪"
recife-marco-zero,Where is Marco Zero in Recife?,Recife,Brazil,"Recife, Brazil 🇧🇷"
red-square-moscow,Where is Red Square?,Red Square,Russia,"Red Square, Russia 🇷🇺"
resolute-bay,Where is Resolute Bay?,Resolute Bay,Canada,"Resolute Bay, Canada 🇨🇦"
rickshaw-dhaka,Where is Lalbagh Fort?,Lalbagh Fort,Bangladesh,"Lalbagh Fort, Bangladesh 🇧🇩"
riga-old-town-d34-14,Where is Riga Old Town located in Latvia?,Riga Old Town,Latvia,"Riga Old Town, Latvia"
rock-of-gibraltar,Where is the Rock of Gibraltar?,Rock of Gibraltar,United Kingdom,"Rock of Gibraltar, United Kingdom 🇸🇭"
roman-temple-of-evora-d34-75,"Where is the Roman Temple of Évora, whose Corinthian columns survive in the old city?",Roman Temple of Evora,Portugal,"Roman Temple of Evora, Portugal 🇵🇹"
rorqual-strait,Where is Rongé Island?,Rongé Island,Antarctica,"Rongé Island, Antarctica 🇦🇶"
sabratha-ruins-libya,Where are the Sabratha Ruins?,Sabratha Ruins,Libya,"Sabratha Ruins, Libya 🇱🇾"
sagarmatha-everest-nepal,Where is Mount Everest South Base Camp?,Mount Everest Base Camp (South),Nepal,"Mount Everest Base Camp (South), Nepal 🇳🇵"
saint-laurent-camp-transportation,Where is the Camp de la Transportation?,Camp de la Transportation,France,"Camp de la Transportation, France 🇫🇷"
salomon-islands-chagos,"Where is Salomon Islands, Chagos?","Salomon Islands, Chagos",United Kingdom,"Salomon Islands, Chagos, United Kingdom 🇸🇭"
salvador-pelourinho,Where is Salvador's Largo do Pelourinho?,Pelourinho,Brazil,"Pelourinho, Brazil 🇧🇷"
san-agustin-statue-forest,Where is the Bosque de las Estatuas at San Agustin?,San Agustin Statues,Colombia,"San Agustin Statues, Colombia 🇨🇴"
san-gimignano-d34-52,Where is San Gimignano located in Italy?,San Gimignano,Italy,"San Gimignano, Italy 🇮🇹"
sanctuary-of-fátima-d34-77,Where is Sanctuary of Fátima located in Portugal?,Sanctuary of Fátima,Portugal,"Sanctuary of Fátima, Portugal 🇵🇹"
sarajevo-baščaršija-d34-26,Where is Sarajevo Baščaršija located in Bosnia?,Sarajevo Baščaršija,Bosnia and Herzegovina,"Sarajevo Baščaršija, Bosnia and Herzegovina 🇧🇦"
savusavu-bay,Where is Savusavu Bay on Vanua Levu?,Savusavu Bay,Fiji,"Savusavu Bay, Fiji 🇫🇯"
scott-base,Where is Scott Base?,Scott Base,Antarctica,"Scott Base, Antarctica 🇦🇶"
scott-hut-cape-evans,Where is Scott's Terra Nova Hut at Cape Evans?,Scott Hut,Antarctica,"Scott Hut, Antarctica 🇦🇶"
sears-tower-chicago,Where is the Willis Tower?,Willis Tower,United States,"Willis Tower, United States 🇺🇸"
segovia-aqueduct-d34-61,Where is Segovia Aqueduct located in Spain?,Segovia Aqueduct,Spain,"Segovia Aqueduct, Spain 🇪🇸"
serra-da-capivara-boqueirao,Where is Pedra Furada in Serra da Capivara?,Pedra Furada,Brazil,"Pedra Furada, Brazil 🇧🇷"
shackleton-hut-cape-royds,Where is Shackleton's Nimrod Hut at Cape Royds?,Shackleton Hut,Antarctica,"Shackleton Hut, Antarctica 🇦🇶"
shibuya-crossing-tokyo,Where is Shibuya Crossing?,Shibuya Crossing,Japan,"Shibuya Crossing, Japan 🇯🇵"
shigatse-tibet,"Where is Shigatse, home to Tashilhunpo Monastery and the Panchen Lamas?",Shigatse,China,"Shigatse, China 🇨🇳"
simien-mountains,Where is Simien Mountains National Park?,Simien Mountains National Park,Ethiopia,"Simien Mountains National Park, Ethiopia 🇪🇹"
siorapaluk,Where is Siorapaluk?,Siorapaluk,Denmark,"Siorapaluk, Denmark 🇩🇰"
sistine-chapel-vatican,Where is the Sistine Chapel?,Sistine Chapel,Vatican City,"Sistine Chapel, Vatican City"
skellig-michael-ireland,Where is Skellig Michael?,Skellig Michael,Ireland,"Skellig Michael, Ireland 🇮🇪"
skógafoss-d34-43,Where is Skógafoss located in Iceland?,Skógafoss,Iceland,"Skógafoss, Iceland 🇮🇸"
sossusvlei-dead-vlei,Where is Deadvlei in Sossusvlei?,Deadvlei,Namibia,"Deadvlei, Namibia 🇳🇦"
space-needle-seattle,Where is the Space Needle?,Space Needle,United States,"Space Needle, United States 🇺🇸"
spitzkoppe,Where is Spitzkoppe?,Spitzkoppe,Namibia,"Spitzkoppe, Namibia 🇳🇦"
st-louis-cathedral-cayenne,Where is Saint-Sauveur Cathedral in Cayenne?,Cayenne Cathedral,France,"Cayenne Cathedral, France 🇫🇷"
st-marks-square-venice,Where is St. Mark's Square?,St. Mark's Square,Italy,"St. Mark's Square, Italy 🇮🇹"
starbuck-island,Where is Starbuck Island?,Starbuck Island,Kiribati,"Starbuck Island, Kiribati 🇰🇮"
statue-of-liberty,Where does the Statue of Liberty stand?,Statue of Liberty,United States,"Statue of Liberty, United States 🇺🇸"
statue-of-unity-in,Where is the Statue of Unity?,Statue of Unity,India,"Statue of Unity, India 🇮🇳"
stavanger-old-town-d34-39,"Where is Stavanger’s old town, known for its lanes of preserved white wooden houses?",Stavanger Old Town,Norway,"Stavanger Old Town, Norway 🇳🇴"
stockholm-old-town-d34-33,Where is Stockholm Old Town located in Sweden?,Stockholm Old Town,Sweden,"Stockholm Old Town, Sweden 🇸🇪"
stone-town-hurumuzi,Where is the House of Wonders in Stone Town?,House of Wonders,Tanzania,"House of Wonders, Tanzania 🇹🇿"
stonehenge,Where does the prehistoric stone circle of Stonehenge stand?,Stonehenge,England,"Stonehenge, England"
sugarloaf-mountain-summit,Where is the summit of Sugarloaf Mountain?,Sugarloaf Mountain,Brazil,"Sugarloaf Mountain, Brazil 🇧🇷"
suicide-cliff-saipan,Where is Suicide Cliff on Saipan?,Suicide Cliff,United States,"Suicide Cliff, United States 🇺🇸"
sultan-ahmed-mosque,Where does a six-minaret mosque glow blue over Istanbul's old city?,Blue Mosque,Turkey,"Blue Mosque, Turkey 🇹🇷"
sydney-harbour-bridge,Where is the Sydney Harbour Bridge southern pylon?,Harbour Bridge,Australia,"Harbour Bridge, Australia 🇦🇺"
sydney-opera-house,Where is the Sydney Opera House?,Sydney Opera House,Australia,"Sydney Opera House, Australia 🇦🇺"
syowa-station,Where is Syowa Station?,Syowa Station,Antarctica,"Syowa Station, Antarctica 🇦🇶"
table-mountain-cape-town,Where is Table Mountain?,Table Mountain,South Africa,"Table Mountain, South Africa 🇿🇦"
tabuaeran,"Where is Tabuaeran, Kiribati?","Tabuaeran, Kiribati",Kiribati,"Tabuaeran, Kiribati, Kiribati 🇰🇮"
taj-mahal,Where does the white marble Taj Mahal stand?,Taj Mahal,India,"Taj Mahal, India 🇮🇳"
taj-ul-masjid-bhopal,Where is the Taj-ul-Masjid?,Taj-ul-Masjid,India,"Taj-ul-Masjid, India 🇮🇳"
tallinn-old-town-d34-13,Where is Tallinn Old Town located in Estonia?,Tallinn Old Town,Estonia,"Tallinn Old Town, Estonia 🇪🇪"
tanbaly-kazakhstan,Where is the Tanbaly Petroglyphs site?,Tanbaly Petroglyphs,Kazakhstan,"Tanbaly Petroglyphs, Kazakhstan 🇰🇿"
tatacoa-observatory,Where is the astronomical observatory in the Tatacoa badlands?,Tatacoa Observatory,Colombia,"Tatacoa Observatory, Colombia 🇨🇴"
temple-of-heaven-beijing,Where is the Temple of Heaven?,Temple of Heaven,China,"Temple of Heaven, China 🇨🇳"
temple-of-luxor-east-bank,Where is the Luxor Temple?,Luxor Temple,Egypt,"Luxor Temple, Egypt 🇪🇬"
tepui-auyan,Where is Auyan-tepui?,Auyan-tepui,Venezuela,"Auyan-tepui, Venezuela 🇻🇪"
teraina,"Where is Teraina, Kiribati?","Teraina, Kiribati",Kiribati,"Teraina, Kiribati, Kiribati 🇰🇮"
thabana-ntlenyana-summit,Where is Thabana Ntlenyana?,Thabana Ntlenyana,Lesotho,"Thabana Ntlenyana, Lesotho"
tian-tan-buddha-hk,Where is the Tian Tan Buddha?,Tian Tan Buddha,China,"Tian Tan Buddha, China 🇨🇳"
tigers-nest-bt,Where is Tiger's Nest Monastery?,Tiger's Nest Monastery,Bhutan,"Tiger's Nest Monastery, Bhutan 🇧🇹"
tiksi-russia,Where is Tiksi?,Tiksi,Russia,"Tiksi, Russia 🇷🇺"
timbuktu-sankore-mosque,Where is the Sankore Mosque in Timbuktu?,Sankore Mosque,Mali,"Sankore Mosque, Mali 🇲🇱"
times-square-nyc,Where is Times Square?,Times Square,United States,"Times Square, United States 🇺🇸"
timgad-ruins,Where are the Timgad Ruins?,Timgad Ruins,Algeria,"Timgad Ruins, Algeria 🇩🇿"
tiwanaku-kalasasaya,Where is the Kalasasaya temple at Tiwanaku?,Tiwanaku,Bolivia,"Tiwanaku, Bolivia 🇧🇴"
tohoku-2011-earthquake-epicenter,Where was the offshore epicenter of the 2011 Tōhoku earthquake and tsunami?,2011 Tōhoku Earthquake Epicenter,Japan,"2011 Tōhoku Earthquake Epicenter, Japan 🇯🇵"
tokyo-tower,Where is Tokyo Tower?,Tokyo Tower,Japan,"Tokyo Tower, Japan 🇯🇵"
toledo-d34-62,Where is Toledo located in Spain?,Toledo,Spain,"Toledo, Spain 🇪🇸"
torres-del-paine-base-viewpoint,Where is the Base Torres viewpoint?,Torres del Paine,Argentina,"Torres del Paine, Argentina 🇦🇷"
tower-bridge-london,Where is Tower Bridge?,Tower Bridge,England,"Tower Bridge, England"
trevi-fountain-rome,Where is the Trevi Fountain?,Trevi Fountain,Italy,"Trevi Fountain, Italy 🇮🇹"
tristan-edinburgh,Where is Edinburgh of the Seven Seas?,Edinburgh of the Seven Seas,United Kingdom,"Edinburgh of the Seven Seas, United Kingdom 🇸🇭"
tromso-norway,Where is Tromsø?,Tromsø,Norway,"Tromsø, Norway 🇳🇴"
tsingy-de-bemaraha,Where are the Tsingy de Bemaraha?,Tsingy de Bemaraha,Madagascar,"Tsingy de Bemaraha, Madagascar 🇲🇬"
tsodilo-hills-bw,Where is the Tsodilo Hills in Botswana?,Tsodilo Hills,Botswana,"Tsodilo Hills, Botswana"
tuktoyaktuk-canada,Where is Tuktoyaktuk?,Tuktoyaktuk,Canada,"Tuktoyaktuk, Canada 🇨🇦"
tulum-ruins,Where is the Tulum Temple of the Frescoes?,Tulum Ruins,Mexico,"Tulum Ruins, Mexico 🇲🇽"
tupak-amik-lake,Where is Kluane Lake?,Kluane Lake,Canada,"Kluane Lake, Canada 🇨🇦"
turku-castle-d34-32,"Where is Turku Castle, the medieval stronghold guarding the mouth of the Aura River?",Turku Castle,Finland,"Turku Castle, Finland 🇫🇮"
tuvalu-vaiaku,"Where is Vaiaku, Funafuti?","Vaiaku, Funafuti",Tuvalu,"Vaiaku, Funafuti, Tuvalu 🇹🇻"
twelve-apostles,Where is the Twelve Apostles lookout along the Great Ocean Road?,Twelve Apostles,Australia,"Twelve Apostles, Australia 🇦🇺"
two-lovers-point,Where is Two Lovers Point in Guam?,Two Lovers Point,United States,"Two Lovers Point, United States 🇺🇸"
udaipur-india,"Where is Udaipur, the “City of Lakes” known for its white palace on Lake Pichola?",Udaipur,India,"Udaipur, India 🇮🇳"
uelu-katadu-national-park,Where is Ulu Temburong National Park?,Ulu Temburong National Park,Brunei,"Ulu Temburong National Park, Brunei"
uffizi-gallery-d34-53,Where is Uffizi Gallery located in Italy?,Uffizi Gallery,Italy,"Uffizi Gallery, Italy 🇮🇹"
uluru,"Where is Uluru, the giant red rock of central Australia?",Uluru,Australia,"Uluru, Australia 🇦🇺"
uluru-base,Where is the Uluru Base Walk trailhead?,Uluru Base,Australia,"Uluru Base, Australia 🇦🇺"
uluru-sunset,Where is the Uluru Sunset Viewing Area?,Uluru Sunset,Australia,"Uluru Sunset, Australia 🇦🇺"
university-of-coimbra-d34-73,Where is University of Coimbra located in Portugal?,University of Coimbra,Portugal,"University of Coimbra, Portugal 🇵🇹"
uppsala-cathedral-d34-35,"Where is Uppsala Cathedral, the twin-spired burial church of monarchs and scientists?",Uppsala Cathedral,Sweden,"Uppsala Cathedral, Sweden 🇸🇪"
ushuaia-end-of-world-sign,Where is Ushuaia's End of the World sign?,Ushuaia,Argentina,"Ushuaia, Argentina 🇦🇷"
utrecht-dom-tower-d34-8,"Where is the Dom Tower, the soaring Gothic landmark separated from its cathedral by a storm?",Utrecht Dom Tower,Netherlands,"Utrecht Dom Tower, Netherlands 🇳🇱"
uyuni-salt-hotel,Where is the original salt hotel on Salar de Uyuni?,Uyuni Salt Flats,Bolivia,"Uyuni Salt Flats, Bolivia 🇧🇴"
valle-de-la-luna-chile,Where is Valle de la Luna?,Valle de la Luna,Chile,"Valle de la Luna, Chile 🇨🇱"
valley-of-kings,Where is the Valley of the Kings?,Valley of Kings,Egypt,"Valley of Kings, Egypt 🇪🇬"
valley-of-queens-luxor,Where is the Valley of the Queens?,Valley of Queens,Egypt,"Valley of Queens, Egypt 🇪🇬"
valparaiso-ascensor-artilleria,Where is Valparaiso's Ascensor Artilleria?,Valparaiso,Chile,"Valparaiso, Chile 🇨🇱"
van-turkey,"Where is the lakeside city of Van, overlooked by an ancient citadel?",Van,Turkey,"Van, Turkey 🇹🇷"
vatnajökull-d34-44,Where is Vatnajökull located in Iceland?,Vatnajökull,Iceland,"Vatnajökull, Iceland 🇮🇸"
verona-arena-d34-48,Where is Verona Arena located in Italy?,Verona Arena,Italy,"Verona Arena, Italy 🇮🇹"
vestmannaeyjar-iceland,Where is Vestmannaeyjar?,Vestmannaeyjar,Iceland,"Vestmannaeyjar, Iceland 🇮🇸"
victoria-falls,Where does the Zambezi River plunge over Victoria Falls?,Victoria Falls,Zimbabwe,"Victoria Falls, Zimbabwe 🇿🇼"
villa-ohiggins,Where is Villa O'Higgins?,Villa O'Higgins,Chile,"Villa O'Higgins, Chile 🇨🇱"
vilnius-old-town-d34-15,Where is Vilnius Old Town located in Lithuania?,Vilnius Old Town,Lithuania,"Vilnius Old Town, Lithuania 🇱🇹"
vlkolinec-slovakia,Where does the preserved village of Vlkolínec display rows of traditional log houses?,Vlkolínec,Slovakia,"Vlkolínec, Slovakia 🇸🇰"
vostok-island,Where is Vostok Island?,Vostok Island,Kiribati,"Vostok Island, Kiribati 🇰🇮"
western-wall-jerusalem,Where is the Western Wall?,Western Wall,Israel,"Western Wall, Israel 🇮🇱"
whalers-bay-deception,Where is Whalers Bay on Deception Island?,Whalers Bay,Antarctica,"Whalers Bay, Antarctica 🇦🇶"
white-house-dc,Where is the White House?,White House,United States,"White House, United States 🇺🇸"
whitehorse-yukon,"Where is Whitehorse, the northern capital named for rapids said to resemble a horse’s mane?",Whitehorse,Canada,"Whitehorse, Canada 🇨🇦"
windsor-castle-d34-5,Where is Windsor Castle located in UK?,Windsor Castle,England,"Windsor Castle, England"
wounded-knee-creek,Where is Wounded Knee Creek?,Wounded Knee,United States,"Wounded Knee, United States 🇺🇸"
xcalak,Where is Xcalak?,Xcalak,Mexico,"Xcalak, Mexico 🇲🇽"
yankee-stadium,"Where is Yankee Stadium, the Bronx home of baseball's most famous franchise?",Yankee Stadium,United States,"Yankee Stadium, United States 🇺🇸"
yellowknife-nwt,"Where is Yellowknife, the subarctic capital on the north shore of Great Slave Lake?",Yellowknife,Canada,"Yellowknife, Canada 🇨🇦"
york-minster-d34-3,Where is York Minster located in UK?,York Minster,England,"York Minster, England"
zanzibar-city-tanzania,Where is the historic Swahili port city at the heart of the spice-trading Zanzibar archipelago?,Zanzibar City,Tanzania,"Zanzibar City, Tanzania 🇹🇿"
