shenyang-cn	https://upload.wikimedia.org/wikipedia/commons/thumb/e/e4/Skyline_of_Shenyang_3.jpg/500px-Skyline_of_Shenyang_3.jpg
shijiazhuang-cn	https://upload.wikimedia.org/wikipedia/commons/thumb/a/a5/%E7%9F%B3%E5%AE%B6%E5%BA%84%E8%A7%A3%E6%94%BE%E5%B9%BF%E5%9C%BA.jpg/500px-%E7%9F%B3%E5%AE%B6%E5%BA%84%E8%A7%A3%E6%94%BE%E5%B9%BF%E5%9C%BA.jpg
shymkent	https://upload.wikimedia.org/wikipedia/commons/thumb/3/35/Shymkent_independence_square_in_2023.jpg/500px-Shymkent_independence_square_in_2023.jpg
shiyan-cn	https://upload.wikimedia.org/wikipedia/commons/thumb/b/bc/DFYZ_view_backhill.jpg/500px-DFYZ_view_backhill.jpg
shubra-al-khaymah-eg	https://upload.wikimedia.org/wikipedia/commons/thumb/5/56/3-D_Building_on_Google_Map_-_panoramio.jpg/500px-3-D_Building_on_Google_Map_-_panoramio.jpg
sialkot	https://upload.wikimedia.org/wikipedia/commons/thumb/2/23/Sialkot_Boulevard.jpg/500px-Sialkot_Boulevard.jpg
soacha-co	https://upload.wikimedia.org/wikipedia/commons/thumb/5/57/Soacha_2024_4.jpg/500px-Soacha_2024_4.jpg
sokoto-ng	https://upload.wikimedia.org/wikipedia/commons/thumb/c/c7/View_of_Sokoto_%281890%29.jpg/500px-View_of_Sokoto_%281890%29.jpg
songon	https://upload.wikimedia.org/wikipedia/commons/thumb/3/3b/Bl%C3%A9ssou%C3%A9_Agban_d%27Adiapot%C3%A9_%28Songon%29.JPG/500px-Bl%C3%A9ssou%C3%A9_Agban_d%27Adiapot%C3%A9_%28Songon%29.JPG
songjiang-cn	https://upload.wikimedia.org/wikipedia/commons/thumb/d/d2/Shanghai_Songjiang_IMG_8472_Shijiatang_and_Sangjiatang_areas.jpg/500px-Shanghai_Songjiang_IMG_8472_Shijiatang_and_Sangjiatang_areas.jpg
srinagar	https://upload.wikimedia.org/wikipedia/commons/thumb/e/e8/Srinagar_pano.jpg/500px-Srinagar_pano.jpg
south-tangerang-id	https://upload.wikimedia.org/wikipedia/commons/thumb/4/4d/Balai_Kota_Tangsel.jpg/500px-Balai_Kota_Tangsel.jpg
soweto-za	https://upload.wikimedia.org/wikipedia/commons/thumb/9/94/Soweto-003.jpg/500px-Soweto-003.jpg
stuttgart-de	https://upload.wikimedia.org/wikipedia/commons/thumb/6/66/Neues_Schloss_Schlossplatzspringbrunnen_Jubil%C3%A4umss%C3%A4ule_Schlossplatz_Stuttgart_2015_01.jpg/500px-Neues_Schloss_Schlossplatzspringbrunnen_Jubil%C3%A4umss%C3%A4ule_Schlossplatz_Stuttgart_2015_01.jpg
suez-eg	https://upload.wikimedia.org/wikipedia/commons/thumb/8/84/US_Navy_031013-N-6187M-001_The_nuclear_powered_aircraft_carrier_USS_Enterprise_%28CVN_65%29_passes_an_Islamic_mosque_on_the_western_bank_of_the_Suez_Canal_while_transiting_to_the_Red_Sea.jpg/500px-US_Navy_031013-N-6187M-001_The_nuclear_powered_aircraft_carrier_USS_Enterprise_%28CVN_65%29_passes_an_Islamic_mosque_on_the_western_bank_of_the_Suez_Canal_while_transiting_to_the_Red_Sea.jpg
surat-in	https://upload.wikimedia.org/wikipedia/commons/thumb/f/f7/Surat_at_night.JPG/500px-Surat_at_night.JPG
surabaya-id	https://upload.wikimedia.org/wikipedia/commons/thumb/7/78/Surabaya_skyline.jpg/500px-Surabaya_skyline.jpg
sunnyside	https://upload.wikimedia.org/wikipedia/commons/thumb/e/e9/SunnysideArch.JPG/500px-SunnysideArch.JPG
sulaymaniyah	https://upload.wikimedia.org/wikipedia/commons/thumb/8/89/The_Sulaymaniyah_Museum.JPG/500px-The_Sulaymaniyah_Museum.JPG
suzhou-cn	https://upload.wikimedia.org/wikipedia/commons/thumb/4/46/%E4%B9%BE%E5%B1%B1_-_panoramio.jpg/500px-%E4%B9%BE%E5%B1%B1_-_panoramio.jpg
suqian-cn	https://upload.wikimedia.org/wikipedia/commons/thumb/e/ec/Shuyang_City_View_01.JPG/500px-Shuyang_City_View_01.JPG
surrey-ca	https://upload.wikimedia.org/wikipedia/commons/thumb/d/dc/Surrey_Central_%282025%29.jpg/500px-Surrey_Central_%282025%29.jpg
taian-cn	https://upload.wikimedia.org/wikipedia/commons/thumb/e/e0/20200127_%E6%B3%B0%E5%AE%89%E5%B1%B1%E8%84%9A%E4%B8%8B.jpg/500px-20200127_%E6%B3%B0%E5%AE%89%E5%B1%B1%E8%84%9A%E4%B8%8B.jpg
taichung-tw	https://upload.wikimedia.org/wikipedia/commons/thumb/e/ef/Taichung_montage.PNG/500px-Taichung_montage.PNG
tabas	https://upload.wikimedia.org/wikipedia/commons/thumb/a/a2/Tabas120.jpg/500px-Tabas120.jpg
