san-pedro-sula-hn	https://upload.wikimedia.org/wikipedia/commons/thumb/a/ae/San_Pedro_Sula_Cathedral.jpg/500px-San_Pedro_Sula_Cathedral.jpg
san-luis-potosi-mx	https://upload.wikimedia.org/wikipedia/commons/thumb/e/e6/Montage_San_Luis_Potosi.jpg/500px-Montage_San_Luis_Potosi.jpg
san-luis-de-la-paz	https://upload.wikimedia.org/wikipedia/commons/thumb/6/68/San_Lu%C3%ADs_de_la_Paz%2C_Guanajuato%2C_M%C3%A9xico.jpg/500px-San_Lu%C3%ADs_de_la_Paz%2C_Guanajuato%2C_M%C3%A9xico.jpg
sanaa-ye	https://upload.wikimedia.org/wikipedia/commons/thumb/5/5c/San%27a03_flickr.jpg/500px-San%27a03_flickr.jpg
santiago	https://upload.wikimedia.org/wikipedia/commons/thumb/d/de/Vista_de_Santiago_desde_San_Cristobal.jpg/500px-Vista_de_Santiago_desde_San_Cristobal.jpg
santa-marta-co	https://upload.wikimedia.org/wikipedia/commons/thumb/5/5b/2018_Santa_Marta_%28Colombia%29_-_Edificio_de_los_Bancos_en_el_Parque_Sim%C3%B3n_Bol%C3%ADvar.jpg/500px-2018_Santa_Marta_%28Colombia%29_-_Edificio_de_los_Bancos_en_el_Parque_Sim%C3%B3n_Bol%C3%ADvar.jpg
santo-domingo-de-los-colorados-ec	https://upload.wikimedia.org/wikipedia/commons/thumb/f/f5/Collage_Santo_Domingo.png/500px-Collage_Santo_Domingo.png
santo-domingo-este-do	https://upload.wikimedia.org/wikipedia/commons/thumb/0/0b/Santo_Domingo_Este%2C_Dominican_Republic_-_panoramio_%2869%29.jpg/500px-Santo_Domingo_Este%2C_Dominican_Republic_-_panoramio_%2869%29.jpg
sao-joao-de-meriti-br	https://upload.wikimedia.org/wikipedia/commons/thumb/7/71/Igreja_da_Matriz_de_S%C3%A3o_Jo%C3%A3o_de_Meriti.JPG/500px-Igreja_da_Matriz_de_S%C3%A3o_Jo%C3%A3o_de_Meriti.JPG
santo-domingo-do	https://upload.wikimedia.org/wikipedia/commons/thumb/9/9d/Santo_Domingo_%28Dominican_Republic%29_taken_atop_Novocentro_tower_viewing_the_city_to_the_southwest_2010.jpg/500px-Santo_Domingo_%28Dominican_Republic%29_taken_atop_Novocentro_tower_viewing_the_city_to_the_southwest_2010.jpg
sao-joao-do-triunfo	https://upload.wikimedia.org/wikipedia/commons/thumb/6/65/S%C3%A3o_Jo%C3%A3o_do_Triunfo_PR_Brasil_avenida_central.jpg/500px-S%C3%A3o_Jo%C3%A3o_do_Triunfo_PR_Brasil_avenida_central.jpg
sao-luis-br	https://upload.wikimedia.org/wikipedia/commons/thumb/4/42/SaoLuis-Street2.jpg/500px-SaoLuis-Street2.jpg
saratov-ru	https://upload.wikimedia.org/wikipedia/commons/thumb/9/98/1856._Card_from_set_of_geographical_cards_of_the_Russian_Empire_120.jpg/500px-1856._Card_from_set_of_geographical_cards_of_the_Russian_Empire_120.jpg
sarajevo-ba	https://upload.wikimedia.org/wikipedia/commons/thumb/2/21/Sarajevo_Tram-Line_Halida-Kajtaza_2011-10-19_%283%29.jpg/500px-Sarajevo_Tram-Line_Halida-Kajtaza_2011-10-19_%283%29.jpg
sargodha	https://upload.wikimedia.org/wikipedia/commons/thumb/8/84/Mainentry_Sargodha_public_school.jpg/500px-Mainentry_Sargodha_public_school.jpg
sao-paulo-br	https://upload.wikimedia.org/wikipedia/commons/thumb/f/ff/Sao_Paulo_Skyline_in_Brazil.jpg/500px-Sao_Paulo_Skyline_in_Brazil.jpg
sao-rafael	https://upload.wikimedia.org/wikipedia/commons/thumb/7/7e/Panoramica_sao_rafael_1.JPG/500px-Panoramica_sao_rafael_1.JPG
sendai	https://upload.wikimedia.org/wikipedia/commons/thumb/1/1d/SendaiCity_Skylines_from_Mukaiyama2018.jpg/500px-SendaiCity_Skylines_from_Mukaiyama2018.jpg
semarang-id	https://upload.wikimedia.org/wikipedia/commons/thumb/2/2f/Becak_Tugu_Muda_Semarang_Central_Java.jpg/500px-Becak_Tugu_Muda_Semarang_Central_Java.jpg
shangqiu-cn	https://upload.wikimedia.org/wikipedia/commons/thumb/a/a5/20220726_Historic_City_of_Shangqiu_01.jpg/500px-20220726_Historic_City_of_Shangqiu_01.jpg
senaki	https://upload.wikimedia.org/wikipedia/commons/thumb/2/2b/Senaki_Cathedral_%283%29.jpg/500px-Senaki_Cathedral_%283%29.jpg
serra-br	https://upload.wikimedia.org/wikipedia/commons/thumb/7/7f/Vista_de_Serra_%28Tims%29.jpg/500px-Vista_de_Serra_%28Tims%29.jpg
sha-tin	https://upload.wikimedia.org/wikipedia/commons/thumb/5/51/Sha_Tin_Station_Platform_2011.jpg/500px-Sha_Tin_Station_Platform_2011.jpg
shantou-cn	https://upload.wikimedia.org/wikipedia/commons/thumb/e/e5/Shantou_Montage.jpg/500px-Shantou_Montage.jpg
shenzhen-cn	https://upload.wikimedia.org/wikipedia/commons/thumb/e/e9/The_west_panorama_of_Shenzhen2021.jpg/500px-The_west_panorama_of_Shenzhen2021.jpg
